,Peptide Sequence,Matched Peptide,Protein ID,Mismatches,Index start
1,SLQPLALEGSLQKRG,SLQPLALEGSLQKRG,A6XGL2.1,0,63
4,KLQVFLIVL,KLQVFLIVL,F5H1F0.1,0,4
7,NFFRMVISNPAAT,NFFRMVISNPAAT,A0A3B3IU09.1,0,440
11,ALWMRLLPL,ALWMRLLPL,C9JNR5.1,0,1
15,HLVEALYLV,HLVEALYLV,C9JNR5.1,0,33
17,SLSPLQAEL,SLSPLQAEL,A0A1B0GX26.1,0,81
18,SLSPLQAEL,SLSPLQAEL,C9JR27.1,0,138
19,SLSPLQAEL,SLSPLQAEL,C9JJL7.8,0,81
21,LLPPLLEHL,LLPPLLEHL,A0A1B0GX26.1,0,89
22,LLPPLLEHL,LLPPLLEHL,C9JR27.1,0,146
23,LLPPLLEHL,LLPPLLEHL,C9JJL7.8,0,89
24,SLAAGVKLL,SLAAGVKLL,Q16849.1,0,481
27,FLIVLSVAL,FLIVLSVAL,F5H1F0.1,0,8
28,FLFAVGFYL,FLFAVGFYL,Q9NQR9.1,0,214
33,SHLVEALYLVCGERG,SHLVEALYLVCGERG,C9JNR5.1,0,32
35,VSYQPLGDKVNFFRMVISNPAATHQDIDFLIEEIERLGQDL,VSYQPLGDKVNFFRMVISNPAATHQDIDFLIEEIERLGQDL,A0A3B3IU09.1,0,430
39,FVNQHLCGSHLVEALY,FVNQHLCGSHLVEALY,C9JNR5.1,0,24
43,CGSHLVEALYLVCGERG,CGSHLVEALYLVCGERG,C9JNR5.1,0,30
47,ALYLVCGERGFFYTPKT,ALYLVCGERGFFYTPKT,C9JNR5.1,0,37
51,ERGFFYTPKTRREAEDL,ERGFFYTPKTRREAEDL,C9JNR5.1,0,44
52,PKTRREAEDLQVGQVEL,PKTRREAEDLQVGQVEL,P01308.1,0,51
53,EDLQVGQVELGGGPGAG,EDLQVGQVELGGGPGAG,P01308.1,0,58
54,VELGGGPGAGSLQPLAL,VELGGGPGAGSLQPLAL,P01308.1,0,65
55,GAGSLQPLALEGSLQKR,GAGSLQPLALEGSLQKR,P01308.1,0,72
57,LALEGSLQKRGIVEQCC,LALEGSLQKRGIVEQCC,A6XGL2.1,0,67
59,QKRGIVEQCCTSICSLY,QKRGIVEQCCTSICSLY,A6XGL2.1,0,74
61,CCTSICSLYQLENYCN,CCTSICSLYQLENYCN,A6XGL2.1,0,82
63,CFWYIPPSLRTLEDN,CFWYIPPSLRTLEDN,A0A3B3IU09.1,0,390
65,ERMSRLSKVAPVIKA,ERMSRLSKVAPVIKA,A0A3B3IU09.1,0,406
70,RLLPLLALL,RLLPLLALL,C9JNR5.1,0,5
74,VCGERGFFYT,VCGERGFFYT,C9JNR5.1,0,41
76,SLQPLALEG,SLQPLALEG,A6XGL2.1,0,63
78,SLQKRGIVEQ,SLQKRGIVEQ,A6XGL2.1,0,72
80,SLYQLENYC,SLYQLENYC,A6XGL2.1,0,88
82,VMNILLQYVV,VMNILLQYVV,Q5VZ31.1,0,113
83,LNIDLLWSV,LNIDLLWSV,Q9NQR9.1,0,227
84,VLFGLGFAI,VLFGLGFAI,Q9NQR9.1,0,264
86,MLRLPTVFRQMRPVSRVLAP,MLRLPTVFRQMRPVSRVLAP,C9JL19.1,0,0
87,MLRLPTVFRQMRPVSRVLAP,MLRLPTVFRQMRPVSRVLAP,E7EXB4.1,0,0
88,MLRLPTVFRQMRPVSRVLAP,MLRLPTVFRQMRPVSRVLAP,C9JCQ4.1,0,0
89,MLRLPTVFRQMRPVSRVLAP,MLRLPTVFRQMRPVSRVLAP,C9J0S9.1,0,0
90,MLRLPTVFRQMRPVSRVLAP,MLRLPTVFRQMRPVSRVLAP,F8WBB1.1,0,0
91,MLRLPTVFRQMRPVSRVLAP,MLRLPTVFRQMRPVSRVLAP,C9JL25.1,0,42
92,MLRLPTVFRQMRPVSRVLAP,MLRLPTVFRQMRPVSRVLAP,E7ESH4.1,0,0
94,RVLAPHLTRAYAKDVKFGAD,RVLAPHLTRAYAKDVKFGAD,C9JL19.1,0,15
95,RVLAPHLTRAYAKDVKFGAD,RVLAPHLTRAYAKDVKFGAD,E7EXB4.1,0,15
96,RVLAPHLTRAYAKDVKFGAD,RVLAPHLTRAYAKDVKFGAD,C9JCQ4.1,0,15
97,RVLAPHLTRAYAKDVKFGAD,RVLAPHLTRAYAKDVKFGAD,C9J0S9.1,0,15
98,RVLAPHLTRAYAKDVKFGAD,RVLAPHLTRAYAKDVKFGAD,F8WBB1.1,0,15
99,RVLAPHLTRAYAKDVKFGAD,RVLAPHLTRAYAKDVKFGAD,C9JL25.1,0,57
100,RVLAPHLTRAYAKDVKFGAD,RVLAPHLTRAYAKDVKFGAD,E7ESH4.1,0,15
102,LLADAVAVTMGPKGRTVIIE,LLADAVAVTMGPKGRTVIIE,C9JL19.1,0,45
103,LLADAVAVTMGPKGRTVIIE,LLADAVAVTMGPKGRTVIIE,E7EXB4.1,0,45
104,LLADAVAVTMGPKGRTVIIE,LLADAVAVTMGPKGRTVIIE,C9JCQ4.1,0,45
105,LLADAVAVTMGPKGRTVIIE,LLADAVAVTMGPKGRTVIIE,C9JL25.1,0,87
106,LLADAVAVTMGPKGRTVIIE,LLADAVAVTMGPKGRTVIIE,E7ESH4.1,0,45
108,TVIIEQSWGSPKVTKDGVTV,TVIIEQSWGSPKVTKDGVTV,C9JL19.1,0,60
109,TVIIEQSWGSPKVTKDGVTV,TVIIEQSWGSPKVTKDGVTV,E7EXB4.1,0,60
110,TVIIEQSWGSPKVTKDGVTV,TVIIEQSWGSPKVTKDGVTV,C9JCQ4.1,0,60
111,TVIIEQSWGSPKVTKDGVTV,TVIIEQSWGSPKVTKDGVTV,C9JL25.1,0,102
112,TVIIEQSWGSPKVTKDGVTV,TVIIEQSWGSPKVTKDGVTV,E7ESH4.1,0,60
114,NEEAGDGTTTATVLARSIAK,NEEAGDGTTTATVLARSIAK,E7EXB4.1,0,105
115,NEEAGDGTTTATVLARSIAK,NEEAGDGTTTATVLARSIAK,C9JL25.1,0,147
116,NEEAGDGTTTATVLARSIAK,NEEAGDGTTTATVLARSIAK,E7ESH4.1,0,105
118,RSIAKEGFEKISKGANPVEI,RSIAKEGFEKISKGANPVEI,E7EXB4.1,0,120
119,RSIAKEGFEKISKGANPVEI,RSIAKEGFEKISKGANPVEI,E7ESH4.1,0,120
121,EEIAQVATISANGDKEIGNI,EEIAQVATISANGDKEIGNI,E7EXB4.1,0,165
122,EEIAQVATISANGDKEIGNI,EEIAQVATISANGDKEIGNI,E7ESH4.1,0,165
123,LVIIAEDVDGEALSTLVLNR,LVIIAEDVDGEALSTLVLNR,P10809.2,0,270
124,KAPGFGDNRKNQLKDMAIAT,KAPGFGDNRKNQLKDMAIAT,P10809.2,0,300
126,KFGADARALMLQGVDLLADA,KFGADARALMLQGVDLLADA,C9JL19.1,0,30
127,KFGADARALMLQGVDLLADA,KFGADARALMLQGVDLLADA,E7EXB4.1,0,30
128,KFGADARALMLQGVDLLADA,KFGADARALMLQGVDLLADA,C9JCQ4.1,0,30
129,KFGADARALMLQGVDLLADA,KFGADARALMLQGVDLLADA,C9J0S9.1,0,30
130,KFGADARALMLQGVDLLADA,KFGADARALMLQGVDLLADA,C9JL25.1,0,72
131,KFGADARALMLQGVDLLADA,KFGADARALMLQGVDLLADA,E7ESH4.1,0,30
133,VIAELKKQSKPVTTPEEIAQ,VIAELKKQSKPVTTPEEIAQ,E7EXB4.1,0,150
134,VIAELKKQSKPVTTPEEIAQ,VIAELKKQSKPVTTPEEIAQ,E7ESH4.1,0,150
136,RKGVITVKDGKTLNDELEII,RKGVITVKDGKTLNDELEII,E7EXB4.1,0,194
137,QDAYVLLSEKKISSIQSIVP,QDAYVLLSEKKISSIQSIVP,P10809.2,0,239
138,VTDALNATRAAVEEGIVLGG,VTDALNATRAAVEEGIVLGG,P10809.2,0,420
140,NPVEIRRGVMLAVDAVIAEL,NPVEIRRGVMLAVDAVIAEL,E7EXB4.1,0,135
141,NPVEIRRGVMLAVDAVIAEL,NPVEIRRGVMLAVDAVIAEL,E7ESH4.1,0,135
142,LVLNRLKVGLQVVAVKAPGF,LVLNRLKVGLQVVAVKAPGF,P10809.2,0,285
143,IVLGGGCALLRCIPALDSLT,IVLGGGCALLRCIPALDSLT,P10809.2,0,435
144,QSIVPALEIANAHRKPLVIIA,QSIVPALEIANAHRKPLVIIA,P10809.2,0,254
145,GEVIVTKDDAMLLKGKGDKA,GEVIVTKDDAMLLKGKGDKA,P10809.2,0,345
146,EIIKRTLKIPAMTIAKNAGV,EIIKRTLKIPAMTIAKNAGV,P10809.2,0,465
147,VNMVEKGIIDPTKVVRTALL,VNMVEKGIIDPTKVVRTALL,P10809.2,0,510
151,HLVEALYLVCGERGFF,HLVEALYLVCGERGFF,C9JNR5.1,0,33
152,EDLQVGQVELGGGPGA,EDLQVGQVELGGGPGA,P01308.1,0,58
154,VEQCCTSICSLYQ,VEQCCTSICSLYQ,A6XGL2.1,0,79
155,FYTPKTRREAEDLQVG,FYTPKTRREAEDLQVG,P01308.1,0,48
162,SCVGVFQHGKVEIIANDQGN,SCVGVFQHGKVEIIANDQGN,E9PKE3.1,0,15
163,SCVGVFQHGKVEIIANDQGN,SCVGVFQHGKVEIIANDQGN,E9PQK7.1,0,15
164,SCVGVFQHGKVEIIANDQGN,SCVGVFQHGKVEIIANDQGN,E9PI65.1,0,15
165,SCVGVFQHGKVEIIANDQGN,SCVGVFQHGKVEIIANDQGN,E9PPY6.1,0,15
166,SCVGVFQHGKVEIIANDQGN,SCVGVFQHGKVEIIANDQGN,E9PK54.8,0,15
167,SCVGVFQHGKVEIIANDQGN,SCVGVFQHGKVEIIANDQGN,A0A0G2JIW1.1,0,16
168,SCVGVFQHGKVEIIANDQGN,SCVGVFQHGKVEIIANDQGN,E9PLF4.1,0,15
169,SCVGVFQHGKVEIIANDQGN,SCVGVFQHGKVEIIANDQGN,E9PNE6.1,0,15
170,SCVGVFQHGKVEIIANDQGN,SCVGVFQHGKVEIIANDQGN,Q53FA3.1,0,17
171,SCVGVFQHGKVEIIANDQGN,SCVGVFQHGKVEIIANDQGN,E9PQQ4.1,0,15
172,SCVGVFQHGKVEIIANDQGN,SCVGVFQHGKVEIIANDQGN,E9PN25.1,0,15
175,DTERLIGDAAKNQVALNPQN,DTERLIGDAAKNQVALNPQN,A0A0G2JIW1.1,0,46
178,KRTLSSSTQASLEIDSLFEG,KRTLSSSTQASLEIDSLFEG,V9GZ37.1,0,105
179,KRTLSSSTQASLEIDSLFEG,KRTLSSSTQASLEIDSLFEG,A0A0G2JIW1.1,0,271
181,RFEELCSDLFRSTLEPVEKA,RFEELCSDLFRSTLEPVEKA,P48741.2,0,302
188,LESYAFNMKSAVEDEGLKGK,LESYAFNMKSAVEDEGLKGK,V9GZ37.1,0,376
189,LESYAFNMKSAVEDEGLKGK,LESYAFNMKSAVEDEGLKGK,A0A0G2JIW1.1,0,542
192,AEKDEFEHKRKELEQVCNPI,AEKDEFEHKRKELEQVCNPI,V9GZ37.1,0,421
193,AEKDEFEHKRKELEQVCNPI,AEKDEFEHKRKELEQVCNPI,A0A0G2JIW1.1,0,587
196,PGPGGFGAQGPKGGSGSGPT,PGPGGFGAQGPKGGSGSGPT,V9GZ37.1,0,451
197,PGPGGFGAQGPKGGSGSGPT,PGPGGFGAQGPKGGSGSGPT,A0A0G2JIW1.1,0,617
200,NDQGNRTTPSYVAFTDTERL,NDQGNRTTPSYVAFTDTERL,P48741.2,0,32
218,PFQVINDGDKPKVQVSYKGE,PFQVINDGDKPKVQVSYKGE,A0A0G2JIW1.1,0,91
225,GLNVLRIINEPTAAAIAYGL,GLNVLRIINEPTAAAIAYGL,E9PKE3.1,0,146
226,GLNVLRIINEPTAAAIAYGL,GLNVLRIINEPTAAAIAYGL,E9PN89.1,0,105
227,GLNVLRIINEPTAAAIAYGL,GLNVLRIINEPTAAAIAYGL,E9PI65.1,0,124
228,GLNVLRIINEPTAAAIAYGL,GLNVLRIINEPTAAAIAYGL,A0A0G2JIW1.1,0,166
229,GLNVLRIINEPTAAAIAYGL,GLNVLRIINEPTAAAIAYGL,E9PLF4.1,0,165
230,GLNVLRIINEPTAAAIAYGL,GLNVLRIINEPTAAAIAYGL,Q53FA3.1,0,167
233,IAYGLDRTGKGERNVLIFDL,IAYGLDRTGKGERNVLIFDL,A0A0G2JIW1.1,0,181
236,VQKLLQDFFNGRDLNKSINP,VQKLLQDFFNGRDLNKSINP,V9GZ37.1,0,180
237,VQKLLQDFFNGRDLNKSINP,VQKLLQDFFNGRDLNKSINP,A0A0G2JIW1.1,0,346
241,AGGVMTALIKRNSTIPTKQT,AGGVMTALIKRNSTIPTKQT,V9GZ37.1,0,240
242,AGGVMTALIKRNSTIPTKQT,AGGVMTALIKRNSTIPTKQT,A0A0G2JIW1.1,0,406
243,AGGVMTALIKRNSTIPTKQT,AGGVMTALIKRNSTIPTKQT,Q53FA3.1,0,407
247,AEDEVQRERVSAKNALESYA,AEDEVQRERVSAKNALESYA,V9GZ37.1,0,361
248,AEDEVQRERVSAKNALESYA,AEDEVQRERVSAKNALESYA,A0A0G2JIW1.1,0,527
251,VCNPIISGLYQGAGGPGPGG,VCNPIISGLYQGAGGPGPGG,V9GZ37.1,0,436
252,VCNPIISGLYQGAGGPGPGG,VCNPIISGLYQGAGGPGPGG,A0A0G2JIW1.1,0,602
255,GSGPTIEEVD,GSGPTIEEVD,V9GZ37.1,0,466
256,GSGPTIEEVD,GSGPTIEEVD,A0A0G2JIW1.1,0,632
260,TIDDGIFEVKATAGDTHLGG,TIDDGIFEVKATAGDTHLGG,V9GZ37.1,0,45
261,TIDDGIFEVKATAGDTHLGG,TIDDGIFEVKATAGDTHLGG,A0A0G2JIW1.1,0,211
262,TIDDGIFEVKATAGDTHLGG,TIDDGIFEVKATAGDTHLGG,Q53FA3.1,0,212
265,THLGGEDFDNRLVNHFVEEF,THLGGEDFDNRLVNHFVEEF,V9GZ37.1,0,60
266,THLGGEDFDNRLVNHFVEEF,THLGGEDFDNRLVNHFVEEF,A0A0G2JIW1.1,0,226
270,PTKQTQIFTTYSDNQPGVLI,PTKQTQIFTTYSDNQPGVLI,V9GZ37.1,0,255
271,PTKQTQIFTTYSDNQPGVLI,PTKQTQIFTTYSDNQPGVLI,A0A0G2JIW1.1,0,421
272,PTKQTQIFTTYSDNQPGVLI,PTKQTQIFTTYSDNQPGVLI,Q53FA3.1,0,422
275,KANKITITNDKGRLSKEEIE,KANKITITNDKGRLSKEEIE,V9GZ37.1,0,331
276,KANKITITNDKGRLSKEEIE,KANKITITNDKGRLSKEEIE,A0A0G2JIW1.1,0,497
281,LLLLDVAPLSLGLETAGGVM,LLLLDVAPLSLGLETAGGVM,V9GZ37.1,0,225
282,LLLLDVAPLSLGLETAGGVM,LLLLDVAPLSLGLETAGGVM,A0A0G2JIW1.1,0,391
283,LLLLDVAPLSLGLETAGGVM,LLLLDVAPLSLGLETAGGVM,Q53FA3.1,0,392
286,KEEIERMVQEAEKYKAEDEV,KEEIERMVQEAEKYKAEDEV,V9GZ37.1,0,346
287,KEEIERMVQEAEKYKAEDEV,KEEIERMVQEAEKYKAEDEV,A0A0G2JIW1.1,0,512
289,NILLQYVVKSFDRS,NILLQYVVKSFDRS,Q5VZ31.1,0,115
290,NILLQYVVKSFDRS,NILLQYVVKSFDRS,A0A3B3IU09.1,0,1
292,NPAATHQDIDFLI,NPAATHQDIDFLI,A0A3B3IU09.1,0,448
294,KVNFFRMVISNPAATHQD,KVNFFRMVISNPAATHQD,A0A3B3IU09.1,0,438
295,GAGSLQPLALEGSLQKRG,GAGSLQPLALEGSLQKRG,P01308.1,0,72
297,KRGIVEQCCTSICSL,KRGIVEQCCTSICSL,A6XGL2.1,0,75
299,VMNILLQYV,VMNILLQYV,Q5VZ31.1,0,113
300,LAKLSDGVAVLKVGG,LAKLSDGVAVLKVGG,P10809.2,0,393
302,LALEGSLQK,LALEGSLQK,A6XGL2.1,0,67
306,LVEALYLVCGERGFFYT,LVEALYLVCGERGFFYT,C9JNR5.1,0,34
308,IAFTSEHSHFSLK,IAFTSEHSHFSLK,A0A3B3IU09.1,0,159
312,FFYTPKTRREAED,FFYTPKTRREAED,C9JNR5.1,0,47
314,MIARFKMFPEVKEKG,MIARFKMFPEVKEKG,A0A3B3IU09.1,0,137
318,WGPDPAAA,WGPDPAAA,C9JNR5.1,0,16
322,ALWGPDPAAA,ALWGPDPAAA,C9JNR5.1,0,14
324,TSEHSHFSL,TSEHSHFSL,A0A3B3IU09.1,0,162
326,LPRLIAFTSEHSHF,LPRLIAFTSEHSHF,A0A3B3IU09.1,0,155
328,FFRMVISNPAATHQDIDFLI,FFRMVISNPAATHQDIDFLI,A0A3B3IU09.1,0,441
331,GHPRYFNQLSTG,GHPRYFNQLSTG,A0A3B3IU09.1,0,59
333,NWELADQPQNLEEILMHCQT,NWELADQPQNLEEILMHCQT,Q5VZ31.1,0,145
334,NWELADQPQNLEEILMHCQT,NWELADQPQNLEEILMHCQT,A0A3B3IU09.1,0,31
336,LPRLIAFTSEHSHFS,LPRLIAFTSEHSHFS,A0A3B3IU09.1,0,155
338,RLIAFTSEHSHF,RLIAFTSEHSHF,A0A3B3IU09.1,0,157
340,RMMEYGTTMVSYQPL,RMMEYGTTMVSYQPL,A0A3B3IU09.1,0,421
342,CDGERPTLAFLQDVM,CDGERPTLAFLQDVM,Q5VZ31.1,0,100
344,FDRSTKVIDFHYPNE,FDRSTKVIDFHYPNE,Q5VZ31.1,0,125
345,FDRSTKVIDFHYPNE,FDRSTKVIDFHYPNE,A0A3B3IU09.1,0,11
347,TYEIAPVFVLLEYVT,TYEIAPVFVLLEYVT,A0A3B3IU09.1,0,91
349,KHYDLSYDTGDKALQ,KHYDLSYDTGDKALQ,A0A3B3IU09.1,0,316
351,AKGTTGFEAHVDK,AKGTTGFEAHVDK,A0A3B3IU09.1,0,346
353,NYAFLHATDLLP,NYAFLHATDLLP,Q5VZ31.1,0,87
355,MYAMMIARFK,MYAMMIARFK,A0A3B3IU09.1,0,133
357,NILLQYVVKSFD,NILLQYVVKSFD,Q5VZ31.1,0,115
358,NILLQYVVKSFD,NILLQYVVKSFD,A0A3B3IU09.1,0,1
360,GLMQNCNQMHASYLFQQDK,GLMQNCNQMHASYLFQQDK,A0A3B3IU09.1,0,298
362,GGGLLMSRKHKWKLSGVERAN,GGGLLMSRKHKWKLSGVERAN,A0A3B3IU09.1,0,253
364,ANTNMFTYEIAPVFVLLE,ANTNMFTYEIAPVFVLLE,A0A3B3IU09.1,0,85
368,FVNQHLCGSHLVEAL,FVNQHLCGSHLVEAL,C9JNR5.1,0,24
372,QHLCGSHLVEALYLV,QHLCGSHLVEALYLV,C9JNR5.1,0,27
376,HLCGSHLVEALYLVC,HLCGSHLVEALYLVC,C9JNR5.1,0,28
380,GSHLVEALYLVCGER,GSHLVEALYLVCGER,C9JNR5.1,0,31
384,HLVEALYLVCGERGF,HLVEALYLVCGERGF,C9JNR5.1,0,33
388,LVEALYLVCGERGFF,LVEALYLVCGERGFF,C9JNR5.1,0,34
392,VEALYLVCGERGFFY,VEALYLVCGERGFFY,C9JNR5.1,0,35
396,LYLVCGERGFFYTPK,LYLVCGERGFFYTPK,C9JNR5.1,0,38
400,YLVCGERGFFYTPKT,YLVCGERGFFYTPKT,C9JNR5.1,0,39
402,PSLSYEPALLQPY,PSLSYEPALLQPY,A0A1B0GX26.1,0,106
403,PSLSYEPALLQPY,PSLSYEPALLQPY,C9JJL7.8,0,106
404,LEILAEHVHMSSG,LEILAEHVHMSSG,Q16849.1,0,489
405,GSFINISVVGPAL,GSFINISVVGPAL,Q16849.1,0,501
406,RSVLLTLVALAGV,RSVLLTLVALAGV,Q16849.1,0,574
407,CAYQAEPNTCATA,CAYQAEPNTCATA,Q16849.1,0,716
408,PAYIATQGPLSHT,PAYIATQGPLSHT,Q16849.1,0,777
410,CTVIVMLTPLVED,CTVIVMLTPLVED,H7C0U9.1,0,5
412,SLYHVYEVNLVSE,SLYHVYEVNLVSE,H7C0U9.1,0,32
414,TYILIDMVLNRMA,TYILIDMVLNRMA,H7C0U9.1,0,120
415,DQFEFALTAVAEE,DQFEFALTAVAEE,Q16849.1,0,956
416,IKLKVESSPSRSDYINASPI,IKLKVESSPSRSDYINASPI,Q16849.1,0,750
418,LYHVYEVNLVSEHIWCEDFL,LYHVYEVNLVSEHIWCEDFL,H7C0U9.1,0,33
420,SEHIWCEDFLVRSFYLKNVQ,SEHIWCEDFLVRSFYLKNVQ,H7C0U9.1,0,43
422,NMYAMMIARFKMFPEVKEKGMAALPRLIAFTSE,NMYAMMIARFKMFPEVKEKGMAALPRLIAFTSE,A0A3B3IU09.1,0,132
424,GSLQPLALEGSLQKRGIV,GSLQPLALEGSLQKRGIV,A6XGL2.1,0,62
426,TGHPRYFNQLSTGLD,TGHPRYFNQLSTGLD,A0A3B3IU09.1,0,58
428,MVFDGKPQHTNVCFW,MVFDGKPQHTNVCFW,A0A3B3IU09.1,0,378
430,IKARMMEYGTTMVSY,IKARMMEYGTTMVSY,A0A3B3IU09.1,0,418
432,FLQDVMNIL,FLQDVMNIL,Q5VZ31.1,0,109
434,LLQEYNWEL,LLQEYNWEL,Q5VZ31.1,0,140
435,LLQEYNWEL,LLQEYNWEL,A0A3B3IU09.1,0,26
437,ILMHCQTTL,ILMHCQTTL,Q5VZ31.1,0,158
438,ILMHCQTTL,ILMHCQTTL,A0A3B3IU09.1,0,44
440,ELAEYLYNI,ELAEYLYNI,A0A3B3IU09.1,0,361
442,RMMEYGTTMV,RMMEYGTTMV,A0A3B3IU09.1,0,421
443,TIADFWQMV,TIADFWQMV,Q16849.1,0,789
445,VIVMLTPLV,VIVMLTPLV,H7C0U9.1,0,7
447,SLYHVYEVNL,SLYHVYEVNL,H7C0U9.1,0,32
450,ALTAVAEEV,ALTAVAEEV,E7EM83.1,0,959
451,ALTAVAEEV,ALTAVAEEV,A0A3B3IU41.1,0,265
453,GIVEQCCTSICS,GIVEQCCTSICS,A6XGL2.1,0,77
455,QCCTSICSLYQL,QCCTSICSLYQL,A6XGL2.1,0,81
459,AAAFVNQHLCGSHLVEALYLVCGERGFFYT,AAAFVNQHLCGSHLVEALYLVCGERGFFYT,C9JNR5.1,0,21
460,VCGERGFFYTPKTRREAEDLQVGQVELGGG,VCGERGFFYTPKTRREAEDLQVGQVELGGG,P01308.1,0,41
462,QHLQKDYRAYYTF,QHLQKDYRAYYTF,C9IYU7.1,0,12
464,MYAMMIARFKMF,MYAMMIARFKMF,A0A3B3IU09.1,0,133
465,RVLNIDLLWSVPI,RVLNIDLLWSVPI,Q9NQR9.1,0,225
467,YTFLNFMSNVGDP,YTFLNFMSNVGDP,C9IYU7.1,0,22
468,DWIHIDTTPFAGL,DWIHIDTTPFAGL,Q9NQR9.1,0,246
472,FVNQHLCGSHLVEALYL,FVNQHLCGSHLVEALYL,C9JNR5.1,0,24
473,NLFLFLFAV,NLFLFLFAV,Q9NQR9.1,0,210
474,YLLLRVLNI,YLLLRVLNI,Q9NQR9.1,0,221
478,GERGFFYTPKTRREAED,GERGFFYTPKTRREAED,C9JNR5.1,0,43
479,TRREAEDLQVGQVELGG,TRREAEDLQVGQVELGG,P01308.1,0,53
480,GQVELGGGPGAGSLQPL,GQVELGGGPGAGSLQPL,P01308.1,0,63
481,AGSLQPLALEGSLQKRG,AGSLQPLALEGSLQKRG,P01308.1,0,73
483,GSLQKRGIVEQCCTSIC,GSLQKRGIVEQCCTSIC,A6XGL2.1,0,71
484,EWVHIDTTPFASL,EWVHIDTTPFASL,P35575.2,0,248
486,SRLSKVAPVIKARMMEYGTT,SRLSKVAPVIKARMMEYGTT,A0A3B3IU09.1,0,409
487,VLGGGCALLRCIPALDSLTPANED,VLGGGCALLRCIPALDSLTPANED,P10809.2,0,436
489,AFIKATGKKEDE,AFIKATGKKEDE,C9J3Y4.1,0,35
490,AFIKATGKKEDE,AFIKATGKKEDE,F8WET5.1,0,35
491,AFIKATGKKEDE,AFIKATGKKEDE,C9IZC7.1,0,34
492,AFIKATGKKEDE,AFIKATGKKEDE,C9J8Y3.1,0,34
493,AFIKATGKKEDE,AFIKATGKKEDE,Q6LCT9.1,0,35
494,AFIKATGKKEDE,AFIKATGKKEDE,E7ENI6.1,0,35
495,AFIKATGKKEDE,AFIKATGKKEDE,A0A3B3IST8.1,0,35
496,AFIKATGKKEDE,AFIKATGKKEDE,E9PDL4.1,0,23
497,AFIKATGKKEDE,AFIKATGKKEDE,B9ZVM7.2,0,23
498,AFIKATGKKEDE,AFIKATGKKEDE,Q6LCR0.1,0,35
502,LVCGERGFFY,LVCGERGFFY,C9JNR5.1,0,40
506,FYTPKTRRE,FYTPKTRRE,C9JNR5.1,0,48
510,ALYLVCGER,ALYLVCGER,C9JNR5.1,0,37
514,LYLVCGERGF,LYLVCGERGF,C9JNR5.1,0,38
518,GERGFFYT,GERGFFYT,C9JNR5.1,0,43
522,ERGFFYTPK,ERGFFYTPK,C9JNR5.1,0,44
526,RLLPLLALLAL,RLLPLLALLAL,C9JNR5.1,0,5
530,ALWGPDPAAAF,ALWGPDPAAAF,C9JNR5.1,0,14
534,ALWMRLLPLL,ALWMRLLPLL,C9JNR5.1,0,1
538,LALWGPDPAA,LALWGPDPAA,C9JNR5.1,0,13
539,FLWSVFWLI,FLWSVFWLI,Q9NQR9.1,0,151
541,NLAQDLATV,NLAQDLATV,A0A1X7SBR3.1,0,142
542,NLAQDLATV,NLAQDLATV,K7ELP4.1,0,142
543,NLAQDLATV,NLAQDLATV,A0A1W2PRT3.1,0,27
544,NLAQDLATV,NLAQDLATV,K7EJU1.1,0,142
545,NLAQDLATV,NLAQDLATV,K7EKH9.1,0,142
546,NLAQDLATV,NLAQDLATV,A0A1X7SCE1.1,0,142
547,NLAQDLATV,NLAQDLATV,A0A1W2PR46.1,0,142
548,NLAQDLATV,NLAQDLATV,B4DIR1.1,0,142
550,QLARQQVHV,QLARQQVHV,A0A1X7SBR3.1,0,213
551,QLARQQVHV,QLARQQVHV,A0A1W2PRT3.1,0,98
552,QLARQQVHV,QLARQQVHV,K7EKH9.1,0,181
553,QLARQQVHV,QLARQQVHV,A0A1X7SCE1.1,0,213
554,QLARQQVHV,QLARQQVHV,A0A1W2PR46.1,0,213
556,GMAALPRLIAFTSEHSHFSL,GMAALPRLIAFTSEHSHFSL,A0A3B3IU09.1,0,151
558,GIVEQCCTSICSLYQ,GIVEQCCTSICSLYQ,A6XGL2.1,0,77
560,YEMVFDGKPQHTNVCFWYIP,YEMVFDGKPQHTNVCFWYIP,A0A3B3IU09.1,0,376
562,HTNVCFWYIPPSLRTLEDNE,HTNVCFWYIPPSLRTLEDNE,A0A3B3IU09.1,0,386
564,PSLRTLEDNEERMSRLSKVA,PSLRTLEDNEERMSRLSKVA,A0A3B3IU09.1,0,396
566,NMYAMMIARFKMFPEVKEKG,NMYAMMIARFKMFPEVKEKG,A0A3B3IU09.1,0,132
568,MMIARFKMFPEVKEKGMAAL,MMIARFKMFPEVKEKGMAAL,A0A3B3IU09.1,0,136
570,EVKEKGMAALPRLIAFTSEH,EVKEKGMAALPRLIAFTSEH,A0A3B3IU09.1,0,146
572,FWYIPPSLRTLED,FWYIPPSLRTLED,A0A3B3IU09.1,0,391
574,PEVKEKGMAALPRLIAFTSE,PEVKEKGMAALPRLIAFTSE,A0A3B3IU09.1,0,145
576,ARFKMFPEVKEKGMAALPRLIAF,ARFKMFPEVKEKGMAALPRLIAF,A0A3B3IU09.1,0,139
578,DKVNFFRMVISNPAATHQDID,DKVNFFRMVISNPAATHQDID,A0A3B3IU09.1,0,437
579,NMFTYEIAPVFVLME,NMFTYEIAPVFVLME,Q99259.1,0,211
580,TTLLPQWRVSAFV,TTLLPQWRVSAFV,P56750.1,0,23
582,PIILPLWHVGMND,PIILPLWHVGMND,A0A494C0V5.1,0,100
583,PIILPLWHVGMND,PIILPLWHVGMND,A0A494C141.1,0,179
584,PIILPLWHVGMND,PIILPLWHVGMND,A0A494C004.1,0,225
585,PIILPLWHVGMND,PIILPLWHVGMND,A0A494C0C5.1,0,137
586,PIILPLWHVGMND,PIILPLWHVGMND,A0A494C0D2.1,0,77
587,PIILPLWHVGMND,PIILPLWHVGMND,A0A499FJ53.1,0,194
588,PIILPLWHVGMND,PIILPLWHVGMND,A6XNE1.1,0,210
589,PIILPLWHVGEPG,PIILPLWHVGEPG,F6Y2X3.1,0,137
590,SRVSSVSSQFSDAAQASPSSHSSTPSWCE,SRVSSVSSQFSDAAQASPSSHSSTPSWCE,Q16849.1,0,651
591,LAKEWQALCAYQAEPNTCATAQGEGNIK,LAKEWQALCAYQAEPNTCATAQGEGNIK,Q16849.1,0,708
592,KLKVESSPSRSDYINASPIIEHDP,KLKVESSPSRSDYINASPIIEHDP,Q16849.1,0,751
594,SFYLKNVQTQETRTLTQFHF,SFYLKNVQTQETRTLTQFHF,H7C0U9.1,0,55
595,SKDQFEFALTAVAEEVNAILKA,SKDQFEFALTAVAEEVNAILKA,Q16849.1,0,954
596,GGGPGAGSLQPLALEGSLQK,GGGPGAGSLQPLALEGSLQK,P01308.1,0,68
598,QMRPVSRVL,QMRPVSRVL,C9JL19.1,0,9
599,QMRPVSRVL,QMRPVSRVL,E7EXB4.1,0,9
600,QMRPVSRVL,QMRPVSRVL,C9JCQ4.1,0,9
601,QMRPVSRVL,QMRPVSRVL,C9J0S9.1,0,9
602,QMRPVSRVL,QMRPVSRVL,F8WBB1.1,0,9
603,QMRPVSRVL,QMRPVSRVL,C9JL25.1,0,51
604,QMRPVSRVL,QMRPVSRVL,E7ESH4.1,0,9
606,VMAPRTVLL,VMAPRTVLL,A0A140TA21.1,0,2
607,VMAPRTVLL,VMAPRTVLL,A0A1W2PPR8.1,0,2
608,VMAPRTVLL,VMAPRTVLL,Q5SS57.1,0,2
612,LCGSHLVEALYLVCGER,LCGSHLVEALYLVCGER,C9JNR5.1,0,29
615,VNFFRMVISNPAAT,VNFFRMVISNPAAT,A0A3B3IU09.1,0,439
617,LPRLIAFTSEHSHFSLKK,LPRLIAFTSEHSHFSLKK,A0A3B3IU09.1,0,155
621,LCGSHLVEAL,LCGSHLVEAL,C9JNR5.1,0,29
625,SHLVEALYLV,SHLVEALYLV,C9JNR5.1,0,32
629,HLCGSHLVEA,HLCGSHLVEA,C9JNR5.1,0,28
633,PLLALLALWG,PLLALLALWG,C9JNR5.1,0,8
635,PLALEGSLQK,PLALEGSLQK,A6XGL2.1,0,66
639,WMRLLPLLAL,WMRLLPLLAL,C9JNR5.1,0,3
640,ILAVDGVLSV,ILAVDGVLSV,Q8IWU4.2,0,290
642,HIAGSLAVV,HIAGSLAVV,E5RG87.1,0,43
643,HIAGSLAVV,HIAGSLAVV,A0A096LPF3.1,0,43
644,SISVLISAL,SISVLISAL,Q8IWU4.2,0,227
645,AVAANIVLTV,AVAANIVLTV,Q8IWU4.2,0,184
647,FLLSLFSLWL,FLLSLFSLWL,E5RG87.1,0,64
648,ALGDLFQSI,ALGDLFQSI,Q8IWU4.2,0,220
649,ILKDFSILL,ILKDFSILL,Q8IWU4.2,0,265
650,ILVLASTITI,ILVLASTITI,Q8IWU4.2,0,256
651,VVTGVLVYL,VVTGVLVYL,Q9BRI3.1,0,103
652,VVTGVLVYL,VVTGVLVYL,Q8IWU4.2,0,152
653,KMYAFTLES,KMYAFTLES,Q8IWU4.2,0,15
654,IQATVMIIV,IQATVMIIV,Q8IWU4.2,0,172
655,VAANIVLTV,VAANIVLTV,Q8IWU4.2,0,185
656,FIFSILVLA,FIFSILVLA,Q8IWU4.2,0,252
657,KSLNYSGVK,KSLNYSGVK,Q8IWU4.2,0,279
658,RLLYPDYQI,RLLYPDYQI,Q8IWU4.2,0,164
659,TMHSLTIQM,TMHSLTIQM,Q8IWU4.2,0,342
663,LWMRLLPLL,LWMRLLPLL,C9JNR5.1,0,2
664,GEALSTLVLNRLKVG,GEALSTLVLNRLKVG,P10809.2,0,279
665,AYVLLSEKKISSIQS,AYVLLSEKKISSIQS,P10809.2,0,241
668,QKPVNKDQCPRERPEELESGGMYHCHS,QKPVNKDQCPRERPEELESGGMYHCHS,Q8IWU4.2,0,28
669,EELESGGMYHCHSGSKPTEKGANEYAY,EELESGGMYHCHSGSKPTEKGANEYAY,Q8IWU4.2,0,42
671,ANEYAYAKWKLCSASAICFIFMIAEVV,ANEYAYAKWKLCSASAICFIFMIAEVV,E5RG87.1,0,14
672,ANEYAYAKWKLCSASAICFIFMIAEVV,ANEYAYAKWKLCSASAICFIFMIAEVV,A0A096LPF3.1,0,14
674,SAICFIFMIAEVVGGHIAGSLAVVTDA,SAICFIFMIAEVVGGHIAGSLAVVTDA,E5RG87.1,0,28
676,GHIAGSLAVVTDAAHLLIDLTSFLLSL,GHIAGSLAVVTDAAHLLIDLTSFLLSL,E5RG87.1,0,42
678,HLLIDLTSFLLSLFSLWLSSKPPSKRL,HLLIDLTSFLLSLFSLWLSSKPPSKRL,E5RG87.1,0,56
679,SLWLSSKPPSKRLTFGWHRAEILGALL,SLWLSSKPPSKRLTFGWHRAEILGALL,Q8IWU4.2,0,119
680,FGWHRAEILGALLSILCIWVVTGVLVYLACERLLYPDYQIQ,FGWHRAEILGALLSILCIWVVTGVLVYLACERLLYPDYQIQ,Q8IWU4.2,0,133
681,ACERLLYPDYQIQATVMIIVSSCAVAA,ACERLLYPDYQIQATVMIIVSSCAVAA,Q8IWU4.2,0,161
682,SCAVAANIVLTVVLHQRCLGHNHKEVQ,SCAVAANIVLTVVLHQRCLGHNHKEVQ,Q8IWU4.2,0,182
683,HQRCLGHNHKEVQANASVRAAFVHALG,HQRCLGHNHKEVQANASVRAAFVHALG,Q8IWU4.2,0,196
684,NASVRAAFVHALGDLFQSISVLISALI,NASVRAAFVHALGDLFQSISVLISALI,Q8IWU4.2,0,210
685,LFQSISVLISALIIYFKPEYKIADPIC,LFQSISVLISALIIYFKPEYKIADPIC,Q8IWU4.2,0,224
686,YFKPEYKIADPICTFIFSILVLASTIT,YFKPEYKIADPICTFIFSILVLASTIT,Q8IWU4.2,0,238
687,LKDFSILLMEGVPKSLNYSGVKELILA,LKDFSILLMEGVPKSLNYSGVKELILA,Q8IWU4.2,0,266
688,SLNYSGVKELILAVDGVLSVHSLHIWS,SLNYSGVKELILAVDGVLSVHSLHIWS,Q8IWU4.2,0,280
689,DGVLSVHSLHIWSLTMNQVILSAHVAT,DGVLSVHSLHIWSLTMNQVILSAHVAT,Q8IWU4.2,0,294
690,TMNQVILSAHVATAASRDSQVVRREIA,TMNQVILSAHVATAASRDSQVVRREIA,Q8IWU4.2,0,308
691,ASRDSQVVRREIAKALSKSFTMHSLTIQMESPVD,ASRDSQVVRREIAKALSKSFTMHSLTIQMESPVD,Q8IWU4.2,0,322
692,MHSLTIQMESPVDQDPDCLFCEDPCD,MHSLTIQMESPVDQDPDCLFCEDPCD,Q8IWU4.2,0,343
693,FIFSILVLASTITILKDFSILLMEGVP,FIFSILVLASTITILKDFSILLMEGVP,Q8IWU4.2,0,252
695,SPGSGFWSF,SPGSGFWSF,Q5VZ31.1,0,2
697,ACDGERPTL,ACDGERPTL,Q5VZ31.1,0,99
699,HPRYFNQLST,HPRYFNQLST,A0A3B3IU09.1,0,60
701,IPSDLERRIL,IPSDLERRIL,A0A3B3IU09.1,0,196
703,AHVDKCLEL,AHVDKCLEL,A0A3B3IU09.1,0,354
705,APVIKARMM,APVIKARMM,A0A3B3IU09.1,0,415
709,LPLLALLAL,LPLLALLAL,C9JNR5.1,0,7
711,RPTLAFLQDVMNILLQYVVK,RPTLAFLQDVMNILLQYVVK,Q5VZ31.1,0,104
713,DVMNILLQYVVKSFDRSTKV,DVMNILLQYVVKSFDRSTKV,Q5VZ31.1,0,112
715,KGMAALPRLIAFTSEHSHFS,KGMAALPRLIAFTSEHSHFS,A0A3B3IU09.1,0,150
717,LIAFTSEHSHFSLKKGAAAL,LIAFTSEHSHFSLKKGAAAL,A0A3B3IU09.1,0,158
719,DERGKMIPSDLERRILEAKQ,DERGKMIPSDLERRILEAKQ,A0A3B3IU09.1,0,190
721,EAKQKGFVPFLVSATAGTTV,EAKQKGFVPFLVSATAGTTV,A0A3B3IU09.1,0,206
723,YDLSYDTGDKALQCGRHVDV,YDLSYDTGDKALQCGRHVDV,A0A3B3IU09.1,0,318
725,KCLELAEYLYNIIKNREGYE,KCLELAEYLYNIIKNREGYE,A0A3B3IU09.1,0,358
727,KVNFFRMVISNPAATHQDID,KVNFFRMVISNPAATHQDID,A0A3B3IU09.1,0,438
730,YAYAKWKLCSASAI,YAYAKWKLCSASAI,E5RG87.1,0,17
731,YAYAKWKLCSASAI,YAYAKWKLCSASAI,A0A096LNR0.1,0,17
732,YAYAKWKLCSASAI,YAYAKWKLCSASAI,A0A096LPF3.1,0,17
733,YKIADPICTFIFSIL,YKIADPICTFIFSIL,Q8IWU4.2,0,243
734,IFSILVLASTITILK,IFSILVLASTITILK,Q8IWU4.2,0,253
736,HKWKLSGVERANSVTWNPHK,HKWKLSGVERANSVTWNPHK,A0A3B3IU09.1,0,262
738,DSVILIKCDERGKMIPSDLE,DSVILIKCDERGKMIPSDLE,A0A3B3IU09.1,0,182
740,DVNYAFLHATDLLPACDG,DVNYAFLHATDLLPACDG,Q5VZ31.1,0,85
742,HPRYFNQLSTGLDMVG,HPRYFNQLSTGLDMVG,A0A3B3IU09.1,0,60
744,NMFTYEIAPVFVLLEYVTLKKMRE,NMFTYEIAPVFVLLEYVTLKKMRE,A0A3B3IU09.1,0,88
746,GAISNMYAMMIARFKMFPEVKEKGM,GAISNMYAMMIARFKMFPEVKEKGM,A0A3B3IU09.1,0,128
748,EKGMAALPRLIAFTSEHSHFSLKK,EKGMAALPRLIAFTSEHSHFSLKK,A0A3B3IU09.1,0,149
750,TTVYGAFDPLLAVAD,TTVYGAFDPLLAVAD,A0A3B3IU09.1,0,223
752,CKKYKIWMHVDAAWGGGLL,CKKYKIWMHVDAAWGGGLL,A0A3B3IU09.1,0,239
754,GGLLMSRKHKWKLSGVERANSVTW,GGLLMSRKHKWKLSGVERANSVTW,A0A3B3IU09.1,0,254
756,SALLVREEGLMQNCNQMHAS,SALLVREEGLMQNCNQMHAS,A0A3B3IU09.1,0,290
758,VDVFKLWLMWRAKGTTGFEAH,VDVFKLWLMWRAKGTTGFEAH,A0A3B3IU09.1,0,335
760,YLYNIIKNREGYEMVFD,YLYNIIKNREGYEMVFD,A0A3B3IU09.1,0,365
762,VCFWYIPPSLRTLED,VCFWYIPPSLRTLED,A0A3B3IU09.1,0,389
764,PSLRTLEDNEERMSR,PSLRTLEDNEERMSR,A0A3B3IU09.1,0,396
766,LGDKVNFFRMVISNPAATHQD,LGDKVNFFRMVISNPAATHQD,A0A3B3IU09.1,0,435
767,MVWESGCTV,MVWESGCTV,Q16849.1,0,796
769,GIVEQCCTSI,GIVEQCCTSI,A6XGL2.1,0,77
771,WSKMDQLAKELTAE,WSKMDQLAKELTAE,G5E968.1,0,190
773,VNFFRMVISNPAATHQDIDFLI,VNFFRMVISNPAATHQDIDFLI,A0A3B3IU09.1,0,439
775,TAGTTVYGAFDPLLAVAD,TAGTTVYGAFDPLLAVAD,A0A3B3IU09.1,0,220
782,RFKMFPEVK,RFKMFPEVK,A0A3B3IU09.1,0,140
784,MFPEVKEKG,MFPEVKEKG,A0A3B3IU09.1,0,143
786,FTSEHSHFS,FTSEHSHFS,A0A3B3IU09.1,0,161
787,DFWQMVWESGCTVIVMLTPLVEDGV,DFWQMVWESGCTVIVMLTPLVEDGV,Q16849.1,0,792
791,LVEALYLVCGERG,LVEALYLVCGERG,C9JNR5.1,0,34
795,GSHLVEALY,GSHLVEALY,C9JNR5.1,0,31
797,KAMVALIDVFHQYSGREGDK,KAMVALIDVFHQYSGREGDK,A8MRB1.1,0,5
799,KHKLKKSELKELINNELSHFLE,KHKLKKSELKELINNELSHFLE,A8MRB1.1,0,24
801,REGDKHKLKKSELKEL,REGDKHKLKKSELKEL,A8MRB1.1,0,20
802,ECDFQEFMAFVAMVTTACHEFFEHE,ECDFQEFMAFVAMVTTACHEFFEHE,P04271.2,0,67
807,KMYAFTLESV,KMYAFTLESV,Q8IWU4.2,0,15
809,LLIDLTSFL,LLIDLTSFL,E5RG87.1,0,57
811,LLIDLTSFLL,LLIDLTSFLL,E5RG87.1,0,57
813,DLTSFLLSL,DLTSFLLSL,E5RG87.1,0,60
815,LLSLFSLWL,LLSLFSLWL,E5RG87.1,0,65
816,EILGALLSI,EILGALLSI,Q8IWU4.2,0,139
817,ILGALLSIL,ILGALLSIL,Q8IWU4.2,0,140
819,CLGHNHKEV,CLGHNHKEV,Q8IWU4.2,0,199
820,KIADPICTFI,KIADPICTFI,Q8IWU4.2,0,244
821,LLMEGVPKSL,LLMEGVPKSL,Q8IWU4.2,0,272
822,SLNYSGVKEL,SLNYSGVKEL,Q8IWU4.2,0,280
823,LAVDGVLSV,LAVDGVLSV,Q8IWU4.2,0,291
824,SVHSLHIWSL,SVHSLHIWSL,Q8IWU4.2,0,298
825,ILSAHVATA,ILSAHVATA,Q8IWU4.2,0,313
826,VPRLPEQGSSSRAEDSPEG,VPRLPEQGSSSRAEDSPEG,Q16849.1,0,292
827,GDRGEKPASPAVQPDA,GDRGEKPASPAVQPDA,Q16849.1,0,317
828,LPGPSPAQLFQDSGLLYLAQE,LPGPSPAQLFQDSGLLYLAQE,Q16849.1,0,263
829,DRGEKPASPAVQPDAALQRLAAVL,DRGEKPASPAVQPDAALQRLAAVL,Q16849.1,0,318
830,SPLGQSQPTVAGQPSARPAAEEYGYIVTDQKPLSLAAGVK,SPLGQSQPTVAGQPSARPAAEEYGYIVTDQKPLSLAAGVK,Q16849.1,0,448
832,MNILLQYVVKSFD,MNILLQYVVKSFD,Q5VZ31.1,0,114
833,MNILLQYVVKSFD,MNILLQYVVKSFD,A0A3B3IU09.1,0,0
839,ICKKYKIWMHVDAAWGGGLL,ICKKYKIWMHVDAAWGGGLL,A0A3B3IU09.1,0,238
841,GGLLMSRKHKWKLSGVERAN,GGLLMSRKHKWKLSGVERAN,A0A3B3IU09.1,0,254
842,ILKDFSILLMEGVPKSLNYS,ILKDFSILLMEGVPKSLNYS,Q8IWU4.2,0,265
843,VRREIAKALSKSFTMHSLTI,VRREIAKALSKSFTMHSLTI,Q8IWU4.2,0,329
844,QLYHFLQIPTHEEHLFYVLS,QLYHFLQIPTHEEHLFYVLS,Q9NQR9.1,0,304
846,RYFNQLSTGLDMVGLAADWL,RYFNQLSTGLDMVGLAADWL,A0A3B3IU09.1,0,62
847,KWCANPDWIHIDTTPFAGLV,KWCANPDWIHIDTTPFAGLV,Q9NQR9.1,0,240
849,EYVTLKKMREIIGWPGGSGD,EYVTLKKMREIIGWPGGSGD,A0A3B3IU09.1,0,102
851,REIIGWPGGSGDGIFSPGGA,REIIGWPGGSGDGIFSPGGA,A0A3B3IU09.1,0,110
853,YAMMIARFKMFPEVKEKGMA,YAMMIARFKMFPEVKEKGMA,A0A3B3IU09.1,0,134
854,HQVILGVIGGMLVAEAFEHT,HQVILGVIGGMLVAEAFEHT,Q9NQR9.1,0,176
856,CACDQKPCSCSKVDVNYAFL,CACDQKPCSCSKVDVNYAFL,Q5VZ31.1,0,72
858,SCSKVDVNYAFLHATDLLPA,SCSKVDVNYAFLHATDLLPA,Q5VZ31.1,0,80
859,RLLCALTSL,RLLCALTSL,Q9NQR9.1,0,292
863,EALYLVCGERG,EALYLVCGERG,C9JNR5.1,0,36
865,LLTTLSNRV,LLTTLSNRV,D6RBJ7.1,0,210
866,LLTTLSNRV,LLTTLSNRV,D6RF35.1,0,210
868,NLIKLAQKV,NLIKLAQKV,D6RBJ7.1,0,234
869,NLIKLAQKV,NLIKLAQKV,D6RF35.1,0,234
870,EAEDLQVGQVELGGGPGAGSLQPLALEGSLQ,EAEDLQVGQVELGGGPGAGSLQPLALEGSLQ,P01308.1,0,56
871,AGSLQPLALE,AGSLQPLALE,P01308.1,0,73
872,AGSLQPLAL,AGSLQPLAL,P01308.1,0,73
873,VELGGGPG,VELGGGPG,P01308.1,0,65
875,SLQPLALEGSL,SLQPLALEGSL,A6XGL2.1,0,63
876,QVELGGGPGAG,QVELGGGPGAG,P01308.1,0,64
877,QVELGGGPG,QVELGGGPG,P01308.1,0,64
878,PGAGSLQPLALE,PGAGSLQPLALE,P01308.1,0,71
880,QPLALEGSL,QPLALEGSL,A6XGL2.1,0,65
882,QPLALEGSLQ,QPLALEGSLQ,A6XGL2.1,0,65
883,AEDLQVGQVE,AEDLQVGQVE,P01308.1,0,57
885,LALEGSL,LALEGSL,A6XGL2.1,0,67
887,SLQPLALEGS,SLQPLALEGS,A6XGL2.1,0,63
888,VELGGGPGA,VELGGGPGA,P01308.1,0,65
889,EAEDLQVGQVELGG,EAEDLQVGQVELGG,P01308.1,0,56
891,SLQPLALEGSLQ,SLQPLALEGSLQ,A6XGL2.1,0,63
892,GAGSLQPLAL,GAGSLQPLAL,P01308.1,0,72
896,VMRIINEPTAAAIAY,VMRIINEPTAAAIAY,P11021.2,0,194
897,EVTFEIDVNGILRVT,EVTFEIDVNGILRVT,P11021.2,0,497
901,PLLALLALWGPDPAAAFVNQ,PLLALLALWGPDPAAAFVNQ,C9JNR5.1,0,8
903,IAPVFVLLEYVTLKKMREII,IAPVFVLLEYVTLKKMREII,A0A3B3IU09.1,0,94
905,VAPVIKARMMEYGTTMVSYQ,VAPVIKARMMEYGTTMVSYQ,A0A3B3IU09.1,0,414
907,ATHQDIDFLIEEIERLGQDL,ATHQDIDFLIEEIERLGQDL,A0A3B3IU09.1,0,451
911,ALWGPDPAAAFV,ALWGPDPAAAFV,C9JNR5.1,0,14
915,ALLALWGPDPAA,ALLALWGPDPAA,C9JNR5.1,0,11
919,PLLALLALWGPD,PLLALLALWGPD,C9JNR5.1,0,8
920,LAKEWQALCAYQAEPNTCATAQGEG,LAKEWQALCAYQAEPNTCATAQGEG,Q16849.1,0,708
922,LLCAGQVTAL,LLCAGQVTAL,G3V2Q7.1,0,9
925,TLSKPSPMPV,TLSKPSPMPV,G5E968.1,0,42
928,ALIDVFHQY,ALIDVFHQY,A8MRB1.1,0,9
930,GREGDKHKL,GREGDKHKL,A8MRB1.1,0,19
931,MVWESGCTVIVML,MVWESGCTVIVML,Q16849.1,0,796
933,FYLKNVQTQETRT,FYLKNVQTQETRT,H7C0U9.1,0,56
934,DKERLAALGPEGA,DKERLAALGPEGA,Q16849.1,0,607
936,TVIVMLTPLVEDG,TVIVMLTPLVEDG,H7C0U9.1,0,6
937,VKEIDIAATLEHV,VKEIDIAATLEHV,Q16849.1,0,932
939,GIVEQCCTSICSL,GIVEQCCTSICSL,A6XGL2.1,0,77
941,TRREAEDLQVGQVELG,TRREAEDLQVGQVELG,P01308.1,0,53
943,PGAGSLQPLALEGSL,PGAGSLQPLALEGSL,P01308.1,0,71
948,KLNWDLHTA,KLNWDLHTA,H0YA27.1,0,13
949,KIIKLFFRL,KIIKLFFRL,Q5VZ31.1,0,178
950,AMSNLVPPV,AMSNLVPPV,P63092.1,0,108
952,AMSNLVPPV,AMSNLVPPV,A0A0A0MR13.2,0,76
953,AMSNLVPPV,AMSNLVPPV,A0A590UKB4.1,0,49
954,AMSNLVPPV,AMSNLVPPV,B0AZR9.1,0,49
955,AMSNLVPPV,AMSNLVPPV,A0A590UK28.1,0,35
956,AMSNLVPPV,AMSNLVPPV,A0A590UJQ2.1,0,49
957,AMSNLVPPV,AMSNLVPPV,A0A590UKA1.1,0,35
958,AMSNLVPPV,AMSNLVPPV,A0A590UJB7.1,0,50
959,AMSNLVPPV,AMSNLVPPV,A0A590UJJ0.1,0,35
960,AMSNLVPPV,AMSNLVPPV,A0A590UJF0.1,0,34
961,AMSNLVPPV,AMSNLVPPV,A0A590UKA4.1,0,34
962,AMSNLVPPV,AMSNLVPPV,S4R3V9.1,0,49
963,AMSNLVPPV,AMSNLVPPV,A0A590UJR6.1,0,50
964,AMSNLVPPV,AMSNLVPPV,A0A590UJY8.1,0,49
965,AMSNLVPPV,AMSNLVPPV,Q5JWE9.1,0,125
966,AMSNLVPPV,AMSNLVPPV,H0Y7F4.1,0,123
967,AMSNLVPPV,AMSNLVPPV,A0A590UJ58.1,0,65
968,AMSNLVPPV,AMSNLVPPV,A0A590UJB0.1,0,35
969,AMSNLVPPV,AMSNLVPPV,A0A590UJ22.1,0,49
970,AMSNLVPPV,AMSNLVPPV,A0A590UJI6.1,0,49
971,AMSNLVPPV,AMSNLVPPV,A0A590UJA5.1,0,35
972,AMSNLVPPV,AMSNLVPPV,A0A590UKA9.1,0,35
973,AMSNLVPPV,AMSNLVPPV,A0A590UJG5.1,0,34
974,AMSNLVPPV,AMSNLVPPV,A0A590UJQ9.1,0,50
975,AMSNLVPPV,AMSNLVPPV,A0A590UJC9.1,0,23
976,AMSNLVPPV,AMSNLVPPV,S4R3E3.1,0,49
977,AMSNLVPPV,AMSNLVPPV,A0A590UJS2.1,0,35
979,YMCTHRLLL,YMCTHRLLL,X6R7U9.1,0,679
980,YMCTHRLLL,YMCTHRLLL,H0Y7E8.1,0,42
981,YMCTHRLLL,YMCTHRLLL,Q5JWE9.1,0,52
982,YMCTHRLLL,YMCTHRLLL,H0Y7F4.1,0,66
983,YMCTHRLLL,YMCTHRLLL,A0A590UJX6.1,0,679
984,YMCTHRLLL,YMCTHRLLL,A0A590UK00.1,0,378
985,VLSRNILLEL,VLSRNILLEL,F5H1F0.1,0,33
986,GLQANPVEV,GLQANPVEV,P61371.1,0,275
987,FTNHFLVEL,FTNHFLVEL,P16519.2,0,29
989,LLLLLPPRV,LLLLLPPRV,E7EM83.1,0,10
990,FLSGAVNRL,FLSGAVNRL,H7C4X7.1,0,185
991,MLMPVHFLL,MLMPVHFLL,Q969E3.2,0,0
994,MRVTLATIAWMVSFVSNYSHTANILPDIENEDF,MRVTLATIAWMVSFVSNYSHTANILPDIENEDF,F6VVE8.1,0,0
995,MRVTLATIAWMVSFVSNYSHTANILPDIENEDF,MRVTLATIAWMVSFVSNYSHTANILPDIENEDF,B4E3S5.1,0,0
997,VRTYWIIIELKHKAREKPYDSKSLRTALQKEIT,VRTYWIIIELKHKAREKPYDSKSLRTALQKEIT,B5MCA4.1,0,166
999,VTLATIAWMVSFVSN,VTLATIAWMVSFVSN,F6VVE8.1,0,2
1000,VTLATIAWMVSFVSN,VTLATIAWMVSFVSN,B4E3S5.1,0,2
1002,TLATIAWMV,TLATIAWMV,F6VVE8.1,0,3
1003,TLATIAWMV,TLATIAWMV,B4E3S5.1,0,3
1007,MALWMRLLPLLALLAL,MALWMRLLPLLALLAL,C9JNR5.1,0,0
1011,MRLLPLLALLALWGPD,MRLLPLLALLALWGPD,C9JNR5.1,0,4
1015,PLLALLALWGPDPAAA,PLLALLALWGPDPAAA,C9JNR5.1,0,8
1019,LLALWGPDPAAAFVNQ,LLALWGPDPAAAFVNQ,C9JNR5.1,0,12
1023,WGPDPAAAFVNQHLCG,WGPDPAAAFVNQHLCG,C9JNR5.1,0,16
1024,FYTPKTRREAEDLQVGQ,FYTPKTRREAEDLQVGQ,P01308.1,0,48
1025,GGGPGAGSLQPLALEGS,GGGPGAGSLQPLALEGS,P01308.1,0,68
1027,PLALEGSLQKRGIVEQC,PLALEGSLQKRGIVEQC,A6XGL2.1,0,66
1031,PAAAFVNQHLCGSHLV,PAAAFVNQHLCGSHLV,C9JNR5.1,0,20
1035,YLVCGERGFFYTPKTRR,YLVCGERGFFYTPKTRR,C9JNR5.1,0,39
1037,GIVEQCCTSICSLYQL,GIVEQCCTSICSLYQL,A6XGL2.1,0,77
1039,YLQGQRLDNV,YLQGQRLDNV,C9JNY7.1,0,167
1040,YLQGQRLDNV,YLQGQRLDNV,C9J650.1,0,166
1041,GQVELGGGPGAGS,GQVELGGGPGAGS,P01308.1,0,63
1043,YVVKSFDRSTKVIDFHYPNE,YVVKSFDRSTKVIDFHYPNE,Q5VZ31.1,0,120
1044,YVVKSFDRSTKVIDFHYPNE,YVVKSFDRSTKVIDFHYPNE,A0A3B3IU09.1,0,6
1046,AMMIARFKMFPEVKEKG,AMMIARFKMFPEVKEKG,A0A3B3IU09.1,0,135
1050,LVEALYLVCGERGF,LVEALYLVCGERGF,C9JNR5.1,0,34
1052,GASSSLSPLQAELLP,GASSSLSPLQAELLP,A0A1B0GX26.1,0,77
1053,GASSSLSPLQAELLP,GASSSLSPLQAELLP,C9JR27.1,0,134
1054,GASSSLSPLQAELLP,GASSSLSPLQAELLP,C9JJL7.8,0,77
1055,FQDSGLLYLAQELPA,FQDSGLLYLAQELPA,Q16849.1,0,272
1056,RSDYINASPIIEHDPRM,RSDYINASPIIEHDPRM,Q16849.1,0,760
1057,DQFEFALTAVAEEVNA,DQFEFALTAVAEEVNA,Q16849.1,0,956
1059,QEPSQLISLEEENQR,QEPSQLISLEEENQR,A0A3B3IST8.1,0,296
1060,QEPSQLISLEEENQR,QEPSQLISLEEENQR,E9PDL4.1,0,284
1061,LYHFLQIPTHEEHLF,LYHFLQIPTHEEHLF,Q9NQR9.1,0,305
1063,GLSGLELDGMAELMA,GLSGLELDGMAELMA,A0A0A0MSD7.1,0,231
1064,GLSGLELDGMAELMA,GLSGLELDGMAELMA,E7EM83.1,0,284
1065,AKMYAFTLESVELQQ,AKMYAFTLESVELQQ,Q8IWU4.2,0,14
1084,GQVELGGGPGAGSLQP,GQVELGGGPGAGSLQP,P01308.1,0,63
1086,GSLQPLALEGSLQKRG,GSLQPLALEGSLQKRG,A6XGL2.1,0,62
1088,KEWEDSKRWSKMDQLA,KEWEDSKRWSKMDQLA,G5E968.1,0,182
1090,KELTAEKRLEGQEEEE,KELTAEKRLEGQEEEE,G5E968.1,0,198
1092,LEGSLQKRGIVEQCCT,LEGSLQKRGIVEQCCT,A6XGL2.1,0,69
1094,VALNHLKATPIESHQV,VALNHLKATPIESHQV,F5H0S1.1,0,14
1095,SDTREEKRFLGEGHHR,SDTREEKRFLGEGHHR,P05060.2,0,431
1096,TRQRYGKRSSPETLIS,TRQRYGKRSSPETLIS,P01303.1,0,59
