Query Sequence,Matched Sequence,Protein ID,Protein Name,Species,Taxon ID,Gene,Mismatches,Mutated Positions,Index start,Index end,Protein Existence Level
AASDISLLDAQSAPL,LAKVISLGDAQSNYL,B1AMU3.1,Exosome complex component CSL4,Homo sapiens,9606,EXOSC1,6,"[1, 3, 4, 8, 13, 14]",104,118,1
ALIVTQTMKGLDIQK,VLGVGQVIKGLDIAM,A0A8I5KRR8.1,peptidylprolyl isomerase,Homo sapiens,9606,FKBP7,7,"[1, 3, 5, 7, 8, 14, 15]",86,100,1
APIVRTISRTKGPAR,APIEKTISKTKGQPR,P01859.2,Immunoglobulin heavy constant gamma 2,Homo sapiens,9606,IGHG2,5,"[4, 5, 9, 13, 14]",209,223,1
ARRHPYFYAPELLYY,ARRHPYFYAPELLFF,A0A0C4DGB6.1,Albumin,Homo sapiens,9606,ALB,2,"[14, 15]",167,181,1
ASAQFIRNLQISNED,RLAQFIGNRRELNED,A0A494C128.1,Nucleolar protein 56,Homo sapiens,9606,NOP56,7,"[1, 2, 7, 9, 10, 11, 12]",212,226,1
AVFKIDALNENKVLV,VKENIDALEELKILV,A0A0B4J1R4.1,4-hydroxyphenylpyruvate dioxygenase,Homo sapiens,9606,HPD,7,"[1, 2, 3, 4, 9, 11, 13]",310,324,1
CTEDYLSLILNRLCV,CAEDYLSVVLNQLCV,A0A087WWT3.1,Albumin,Homo sapiens,9606,ALB,4,"[2, 8, 9, 12]",259,273,1
DDIMCVKKILDKVGI,DDIMCAKKILDIKGI,F8VWU1.1,Lactose synthase B protein,Homo sapiens,9606,LALBA,3,"[6, 12, 13]",106,120,1
DKEACFAVEGPKLVV,DKETCFAEEGKKLVA,A0A087WWT3.1,Albumin,Homo sapiens,9606,ALB,4,"[4, 8, 11, 15]",374,388,1
DKIAKYIPIQYVLSR,HKITKYIDFDHVFSR,Q96RY5.3,Protein cramped-like,Homo sapiens,9606,CRAMP1,7,"[1, 4, 8, 9, 10, 11, 13]",221,235,1
DKVGINYWLAHKALC,DIKGIDYWLAHKALC,P00709.1,Alpha-lactalbumin,Homo sapiens,9606,LALBA,3,"[2, 3, 6]",116,130,1
DLISKEQIVIRSSRQ,DLIPKEQARIKTFRQ,B4DJV2.1,Citrate synthase,Homo sapiens,9606,CS,6,"[4, 8, 9, 11, 12, 13]",26,40,1
DQAMEDIKQMEAESI,DQAQYCIKRMPAYSG,A0A804HI95.1,Alpha-actinin-2,Homo sapiens,9606,ACTN2,7,"[4, 5, 6, 9, 11, 13, 15]",826,840,1
DTEKQIKKQTALVEL,EKERQIKKQTALVEL,A0A087WWT3.1,Albumin,Homo sapiens,9606,ALB,3,"[1, 2, 4]",329,343,1
EEKNRLNFLKKISQR,EAFQRLNFLYQVSLR,A0A0G2JHI3.1,Ribonuclease P protein subunit p21,Homo sapiens,9606,RPP21,7,"[2, 3, 4, 10, 11, 12, 14]",9,23,1
EHFKGLVLIAFSQYL,ENFKALVLIAFAQYL,A0A087WWT3.1,Albumin,Homo sapiens,9606,ALB,3,"[2, 5, 12]",41,55,1
ELAYFYPELFRQFYQ,KHAYFYPHLKRFPVQ,P21815.4,Bone sialoprotein 2,Homo sapiens,9606,IBSP,7,"[1, 2, 8, 10, 12, 13, 14]",47,61,1
ELLYYANKYNGVFQE,ELRELANKYNGAVNE,A0A590UJ16.1,Sarcolemmal membrane-associated protein,Homo sapiens,9606,SLMAP,6,"[3, 4, 5, 12, 13, 14]",301,315,1
EQIVIRSSRQPQSQN,EEIVITSSDLPCIEN,A0A1B0GUI1.1,Ral GTPase-activating protein subunit alpha-1,Homo sapiens,9606,RALGAPA1,7,"[2, 6, 9, 10, 12, 13, 14]",453,467,1
EQLLRLKKYKVPQLE,AGLLRHKAEFVPQLE,A0A8I5KST9.1,non-specific serine/threonine protein kinase,Homo sapiens,9606,MAST3,6,"[1, 2, 6, 8, 9, 10]",675,689,1
ERALKAWSVARLSQK,ERAFKAWAVARLSQR,A0A0C4DGB6.1,Albumin,Homo sapiens,9606,ALB,3,"[4, 8, 15]",232,246,1
ERFFSDKIAKYIPIQ,EQFFSDEERKYMAIN,Q6P0N0.1,Mis18-binding protein 1,Homo sapiens,9606,MIS18BP1,7,"[2, 7, 8, 9, 12, 13, 15]",630,644,1
ETMREKVLASSARQR,ERRREKAEELAARQR,A0A087WTZ5.1,UBX domain-containing protein 1,Homo sapiens,9606,UBXN1,7,"[2, 3, 7, 8, 9, 10, 11]",90,104,1
FISLLLLFSSAYSRG,FISLLFLSRGVFRRD,A0A087WWT3.1,Albumin,Homo sapiens,9606,ALB,1,"[6, 8, 9, 10, 11, 12, 13, 15]",6,20,1
FLPYPYYAKPAAVRS,FCPYYHFAKPAFSRS,K7EMG2.1,Solute carrier family 66 member 2 (Fragment),Homo sapiens,9606,SLC66A2,6,"[2, 5, 6, 7, 12, 13]",47,61,4
FLVVTILALTLPFLG,LLVVNALALTLPFLA,P07498.3,Kappa-casein,Homo sapiens,9606,CSN3,4,"[1, 5, 6, 15]",5,19,1
FQNALIVRYTRKVPQ,FQNALLVRYTKKVPQ,A0A087WWT3.1,Albumin,Homo sapiens,9606,ALB,2,"[6, 11]",214,228,1
FTCLLAVALAKNTME,FTCGLAGALASNPVD,F6SL11.1,Brain mitochondrial carrier protein 1,Homo sapiens,9606,SLC25A14,6,"[4, 7, 11, 13, 14, 15]",208,222,1
FVEVTKLVTDLTKVH,FAEVSKLVTDLTKVH,A0A0C4DGB6.1,Albumin,Homo sapiens,9606,ALB,2,"[2, 5]",252,266,1
FVRIQPVAWHNRITL,YVRILPVAWHNRIAL,H0YKB5.2,Lactadherin,Homo sapiens,9606,MFGE8,3,"[1, 5, 14]",358,372,1
GHIQYVAAYRVAYGD,GSVQFVASYKVAYSN,H0YKB5.2,Lactadherin,Homo sapiens,9606,MFGE8,7,"[2, 3, 5, 8, 10, 14, 15]",303,317,1
GILFHATQAEQLTKC,GILFPAILAKQFTKC,F8VWU1.1,Lactose synthase B protein,Homo sapiens,9606,LALBA,5,"[5, 7, 8, 10, 12]",11,25,1
GKLMELGHKIMRNLE,LSLMELGLSRMSNLS,A0A0A0MT39.1,Sodium channel protein,Homo sapiens,9606,SCN5A,7,"[1, 2, 8, 9, 10, 12, 15]",791,805,1
GSFLYEYSRRHPEYA,GMFLYEYARRHPDYS,A0A0C4DGB6.1,Albumin,Homo sapiens,9606,ALB,4,"[2, 8, 13, 15]",352,366,1
HPHLSFMAIPPKKNQ,NLHPSFIAIPPKKIQ,P07498.3,Kappa-casein,Homo sapiens,9606,CSN3,5,"[1, 2, 4, 7, 14]",112,126,1
IGVNQELAYFYPELF,AGVGEELAYHYARLG,A0A087WWR3.1,Hydroxysteroid 11-beta-dehydrogenase 1-like protein,Homo sapiens,9606,HSD11B1L,7,"[1, 4, 5, 10, 12, 13, 15]",86,100,1
IPNKQITASSYYKTW,IPDKQITASSSYKTW,H0YKB5.2,Lactadherin,Homo sapiens,9606,MFGE8,2,"[3, 11]",233,247,1
IVRYTRKVPQVSTPT,LVRYTKKVPQVSTPT,A0A087WWT3.1,Albumin,Homo sapiens,9606,ALB,2,"[1, 6]",219,233,1
KDAFLGSFLYEYSRR,KDVFLGMFLYEYARR,A0A0C4DGB6.1,Albumin,Homo sapiens,9606,ALB,3,"[3, 7, 13]",347,361,1
KFDKALKALPMHIRL,DFSSALKALQCHICS,A0A0A0MR87.1,SCL-interrupting locus protein,Homo sapiens,9606,STIL,7,"[1, 3, 4, 10, 11, 14, 15]",145,159,1
KFPQYLQYLYQGPIV,PVLQYLYYLAQIPIA,E9PKC5.1,AMP deaminase,Homo sapiens,9606,AMPD3,7,"[1, 2, 3, 7, 10, 12, 15]",616,630,1
KFWGKYLYEIARRHP,TFLKKYLYEIARRHP,A0A0C4DGB6.1,Albumin,Homo sapiens,9606,ALB,3,"[1, 3, 4]",157,171,1
KHYQKALNEINQFYQ,EVSQDELNEINQFLG,A0A7P0T7Z1.1,"Complex I assembly factor ACAD9, mitochondrial",Homo sapiens,9606,ACAD9,7,"[1, 2, 3, 5, 6, 14, 15]",58,72,1
KIIAEKTKIPAVFKI,KIRIEGTKGEAALKI,A0A0A0MRA3.1,Titin,Homo sapiens,9606,TTN,7,"[3, 4, 6, 9, 10, 12, 13]",1557,1571,1
KISQRYQKFALPQYL,KESQRLVGFALRRDL,A0A087WU31.1,Chloride channel protein,Homo sapiens,9606,CLCN3,7,"[2, 6, 7, 8, 12, 13, 14]",671,685,1
KKYLLFCMENSAEPE,KIYLLMCQINSALTS,G3V1P2.1,"Chromosome 18 open reading frame 17, isoform CRA_c",Homo sapiens,9606,TTC39C,7,"[2, 6, 8, 9, 13, 14, 15]",16,30,1
KPREEQFNSTYRVVS,KPREEQFNSTYRVVS,P01861.1,Immunoglobulin heavy constant gamma 4,Homo sapiens,9606,IGHG4,0,[],170,184,1
KTVYQHQKAMKPWIQ,KTVYRHDKRIKLQIW,O95716.1,Ras-related protein Rab-3D,Homo sapiens,9606,RAB3D,7,"[5, 7, 9, 10, 12, 13, 15]",62,76,1
KVLASSARQRLRCAS,EGKASSAKQRLKCAS,A0A0C4DGB6.1,Albumin,Homo sapiens,9606,ALB,5,"[1, 2, 3, 8, 12]",212,226,1
LALALTCGAQALIVT,LALALGGLARAGGVE,A0A2R8Y780.1,Sodium/hydrogen exchanger,Homo sapiens,9606,SLC9A3,7,"[6, 7, 8, 10, 12, 13, 15]",15,29,1
LDADSSYFLYSKLRV,LDSDGSFFLYSKLTV,P01857.1,Immunoglobulin heavy constant gamma 1,Homo sapiens,9606,IGHG1,4,"[3, 5, 7, 14]",281,295,1
LGEYGFQNALIVRYT,LGEYKFQNALLVRYT,A0A087WWT3.1,Albumin,Homo sapiens,9606,ALB,2,"[5, 11]",209,223,1
LGHKIMRNLENTVKE,LTNKLQRNLENVLAE,A0A669KBI5.1,Ninein,Homo sapiens,9606,NIN,7,"[2, 3, 5, 6, 12, 13, 14]",500,514,1
LKALPMHIRLSFNPT,LVPLPMPKKLRFNIT,A0A7P0T9E7.1,Carnitine O-acetyltransferase,Homo sapiens,9606,CRAT,7,"[2, 3, 7, 8, 9, 11, 14]",372,386,1
LLFSSAYSRGVFRRD,FLFSSAYRRDAHKSE,A0A087WWT3.1,Albumin,Homo sapiens,9606,ALB,1,"[1, 8, 10, 11, 12, 13, 14, 15]",11,25,1
LNENLLRFFVAPFPE,LIENLLRVGGAPTPR,Q6ZNG2.2,Homeobox protein DBX2,Homo sapiens,9606,DBX2,6,"[2, 8, 9, 10, 13, 15]",39,53,2
LNFLKKISQRYQKFA,VNLKKKISKRYDWQA,A0A087WZ11.1,Putative ATP-dependent RNA helicase DHX57,Homo sapiens,9606,DHX57,7,"[1, 3, 4, 9, 12, 13, 14]",395,409,1
LNYYQQKPVALINNQ,LKYAEQLPVAQIIHQ,B1AK81.1,GPI-anchor transamidase,Homo sapiens,9606,PIGK,7,"[2, 4, 5, 7, 11, 13, 14]",249,263,1
LPQEVLNENLLRFFV,LPFQVLLENPLQFFQ,Q9Y5E7.1,Protocadherin beta-2,Homo sapiens,9606,PCDHB2,6,"[3, 4, 7, 10, 12, 15]",106,120,1
LQYLYQGPIVLNPWD,LQYCTQDPDVLNSLL,P29376.3,Leukocyte tyrosine kinase receptor,Homo sapiens,9606,LTK,7,"[4, 5, 7, 9, 13, 14, 15]",777,791,1
LRCASIQKFGERALK,LKCASLQKFGERAFK,A0A0C4DGB6.1,Albumin,Homo sapiens,9606,ALB,3,"[2, 6, 14]",222,236,1
LRFFVAPFPEVFGKE,VRFFNRNFPEAMLKE,A0A087WXK5.1,ATP-binding cassette sub-family A member 2,Homo sapiens,9606,ABCA2,7,"[1, 5, 6, 7, 11, 12, 13]",2327,2341,1
LSLILNRLCVLHEKT,LSVVLNQLCVLHEKT,A0A087WWT3.1,Albumin,Homo sapiens,9606,ALB,3,"[3, 4, 7]",264,278,1
LTCLVAVALARPKHP,LTCLVAVKLPLRYPE,D6RF34.1,Alpha-S1-casein,Homo sapiens,9606,CSN1S1,1,"[8, 10, 11, 12, 13, 14, 15]",6,20,1
LTCMVTSFYPDYIAV,LTCLVKGFYPSDIAV,P01857.1,Immunoglobulin heavy constant gamma 1,Homo sapiens,9606,IGHG1,5,"[4, 6, 7, 11, 12]",248,262,1
LVLIAFSQYLQQCPF,LVLIAFACPFEDHVK,A0A087WWT3.1,Albumin,Homo sapiens,9606,ALB,1,"[7, 8, 9, 10, 11, 12, 13, 14, 15]",46,60,1
MHIRLSFNPTQLEEQ,QSDSDSFNPTLWEEQ,A0A075B6E9.1,Leucine-rich repeat-containing protein 7,Homo sapiens,9606,LRRC7,7,"[1, 2, 3, 4, 5, 11, 12]",443,457,1
MKCLLLALALTCGAQ,SCALLLALPATRGAQ,O00253.1,Agouti-related protein,Homo sapiens,9606,AGRP,6,"[1, 2, 3, 9, 10, 12]",8,22,1
MKFFIFTCLLAVALA,MRLLILTCLVAVALA,D6RF34.1,Alpha-S1-casein,Homo sapiens,9606,CSN1S1,5,"[2, 3, 4, 6, 10]",1,15,1
MKFLCVLLLASLAAT,MKFFMVLLPASLAST,Q8IVK1.1,Putative glycosylation-dependent cell adhesion molecule 1,Homo sapiens,9606,GLYCAM1,4,"[4, 5, 9, 14]",1,15,5
MKLLILTCLVAVALA,MRLLILTALARPKLP,D6RF34.1,Alpha-S1-casein,Homo sapiens,9606,CSN1S1,1,"[2, 8, 10, 11, 12, 13, 15]",1,15,1
MKWVTFISLLLLFSS,MKWVTFIFSSAYSRG,A0A087WWT3.1,Albumin,Homo sapiens,9606,ALB,1,"[8, 9, 10, 11, 12, 13, 14, 15]",1,15,1
MMKSFFLVVTILALT,RKKSFLLCIGWLALT,A0A0B4J204.1,Prostaglandin E2 receptor EP3 subtype,Homo sapiens,9606,PTGER3,7,"[1, 2, 6, 8, 9, 10, 11]",84,98,1
MMSFVSLLLVGILFH,MRFFVPLFLVGILFP,F8VWU1.1,Lactose synthase B protein,Homo sapiens,9606,LALBA,5,"[2, 3, 6, 8, 15]",1,15,1
NKVLVLDTDYKKYLL,MKVLVLSQDYGKHLL,A0A087WUZ3.1,Spectrin beta chain,Homo sapiens,9606,SPTBN1,5,"[1, 7, 8, 11, 13]",547,561,1
NQFYQKFPQYLQYLY,FSMYQSFVQFLQYYY,A0A087X266.1,Ion channel TACAN,Homo sapiens,9606,TMEM120A,7,"[1, 2, 3, 6, 8, 10, 14]",226,240,1
NTVKETIKYLKSLFS,NLSKETKTILKSSLS,A0A494C0M1.1,DNA mismatch repair protein,Homo sapiens,9606,MSH6,7,"[2, 3, 7, 8, 9, 13, 14]",501,515,1
NYWLAHKALCSEKLD,DYWLAHKALCTEKLE,P00709.1,Alpha-lactalbumin,Homo sapiens,9606,LALBA,3,"[1, 11, 15]",121,135,1
PAQILQWQVLSNTVP,MQQILQQQVLSPQQL,A0A0B4J2F3.2,Forkhead box protein P1,Homo sapiens,9606,FOXP1,7,"[1, 2, 7, 12, 13, 14, 15]",12,26,1
PFQARFVRIQPVAWH,PILARYVRILPVAWH,H0YKB5.2,Lactadherin,Homo sapiens,9606,MFGE8,4,"[2, 3, 6, 10]",353,367,1
PKLPLSILKEKHLRN,LTDPLEALKEKYLRP,A0A0C3SFZ7.1,Histone-lysine N-methyltransferase MECOM,Homo sapiens,9606,MECOM,7,"[1, 2, 3, 6, 7, 12, 15]",649,663,1
PVAWHNRITLRVELL,PVAWHNRIALRLELL,H0YKB5.2,Lactadherin,Homo sapiens,9606,MFGE8,2,"[9, 12]",363,377,1
QFNSTYRVVSALRIQ,QFNSTYRVVSVLTVL,P01861.1,Immunoglobulin heavy constant gamma 4,Homo sapiens,9606,IGHG4,4,"[11, 13, 14, 15]",175,189,1
QKPVALINNQFLPYP,SDPTALLTSQFLPYF,Q15911.2,Zinc finger homeobox protein 3,Homo sapiens,9606,ZFHX3,7,"[1, 2, 4, 7, 8, 9, 15]",3297,3311,1
QKRVTGIITQGARDF,SKEVTGIITQGARNF,H0YKB5.2,Lactadherin,Homo sapiens,9606,MFGE8,3,"[1, 3, 14]",288,302,1
QLKTVMENFVAFVDK,QLKAVMDDFAAFVEK,A0A087WWT3.1,Albumin,Homo sapiens,9606,ALB,5,"[4, 7, 8, 10, 14]",354,368,1
QTMKGLDIQKVAGTW,QTKQDLELPKLAGTW,A6XNE0.1,Glycodelin,Homo sapiens,9606,PAEP,7,"[3, 4, 5, 7, 8, 9, 11]",23,37,1
RQFYQLDAYPSGAWY,TLFRLLDAKPSGAAY,H9KVB3.2,Otogelin,Homo sapiens,9606,OTOG,6,"[1, 2, 4, 5, 9, 14]",1380,1394,1
SARQRLRCASIQKFG,SAKQRLKCASLQKFG,A0A0C4DGB6.1,Albumin,Homo sapiens,9606,ALB,3,"[3, 7, 11]",217,231,1
SEWLQIDLGSQKRVT,NEWLQIDLGEEKIVR,E7EX60.1,Neuropilin-1,Homo sapiens,9606,NRP1,5,"[1, 10, 11, 13, 15]",482,496,1
SGLYSLSSMVTVPGS,SGLYSLSSVVTVPSS,P01857.1,Immunoglobulin heavy constant gamma 1,Homo sapiens,9606,IGHG1,2,"[9, 14]",60,74,1
SLLDAQSAPLRVYVE,ALLLAVSAPLRLQAE,Q8N8Z6.2,"Discoidin, CUB and LCCL domain-containing protein 1",Homo sapiens,9606,DCBLD1,6,"[1, 4, 6, 12, 13, 14]",21,35,1
SLLLVGILFHATQAE,PLFLVGILFPAILAK,F8VWU1.1,Lactose synthase B protein,Homo sapiens,9606,LALBA,6,"[1, 3, 10, 12, 13, 15]",6,20,1
SQETYKQEKNMAINP,SQSTYKDPNNLAFNE,O43451.6,Maltase-glucoamylase,Homo sapiens,9606,MGAM,7,"[3, 7, 8, 9, 11, 13, 15]",887,901,1
STEYGLFQINNKIWC,STEYGLFQISNKLWC,F8VWU1.1,Lactose synthase B protein,Homo sapiens,9606,LALBA,2,"[10, 13]",66,80,1
SYFLYSKLRVDRNSW,SFFLYSKLTVDKSRW,P01857.1,Immunoglobulin heavy constant gamma 1,Homo sapiens,9606,IGHG1,5,"[2, 9, 12, 13, 14]",286,300,1
TCGAQALIVTQTMKG,LCGADALIPVQTGAA,E7ESX1.1,Chordin,Homo sapiens,9606,CHRD,7,"[1, 5, 9, 10, 13, 14, 15]",410,424,1
VAGTWYSLAMAASDI,LAGTWHSMAMATNNI,A6XNE0.1,Glycodelin,Homo sapiens,9606,PAEP,6,"[1, 6, 8, 12, 13, 14]",33,47,1
VEGPKLVVSTQTALA,TGGLGTVVSTLTALA,E7EPU1.1,Urea transporter 2,Homo sapiens,9606,SLC14A2,6,"[1, 2, 4, 5, 6, 11]",155,169,1
VFRRDTHKSEIAHRF,VFRRDAHKSEVAHRF,A0A087WWT3.1,Albumin,Homo sapiens,9606,ALB,2,"[6, 11]",21,35,1
VLLLASLAATSLAIL,VLLPASLASTSLAIL,Q8IVK1.1,Putative glycosylation-dependent cell adhesion molecule 1,Homo sapiens,9606,GLYCAM1,2,"[4, 9]",6,20,5
VPSERYLGYLEQLLR,VCEQRRLGQLEQLLL,O43157.3,Plexin-B1,Homo sapiens,9606,PLXNB1,6,"[2, 3, 4, 6, 9, 15]",118,132,1
YIPIQYVLSRYPSYG,AFPVQYKLSRRPLYG,O15552.1,Free fatty acid receptor 2,Homo sapiens,9606,FFAR2,6,"[1, 2, 4, 7, 11, 13]",112,126,1
YLGYLEQLLRLKKYK,ILGYKEQFLRLRKSS,Q99523.3,Sortilin,Homo sapiens,9606,SORT1,6,"[1, 5, 8, 12, 14, 15]",635,649,1
YLYEIARRHPYFYAP,YLYEIARRHPYFYAP,A0A0C4DGB6.1,Albumin,Homo sapiens,9606,ALB,0,[],162,176,1
YQKFALPQYLKTVYQ,LQCNASPQYLKEVSM,Q6ZU64.2,Cilia- and flagella-associated protein 65,Homo sapiens,9606,CFAP65,7,"[1, 3, 4, 6, 12, 14, 15]",855,869,1
YRVVSALRIQHQDWT,YRVVSVLTVLHQDWL,P01857.1,Immunoglobulin heavy constant gamma 1,Homo sapiens,9606,IGHG1,5,"[6, 8, 9, 10, 15]",183,197,1
YSLAMAASDISLLDA,PLLASAASSSSLLSA,Q9Y4H2.2,Insulin receptor substrate 2,Homo sapiens,9606,IRS2,6,"[1, 2, 5, 9, 10, 14]",937,951,1
YTCVVMHEALHNHYT,FSCSVMHEALHNHYT,P01857.1,Immunoglobulin heavy constant gamma 1,Homo sapiens,9606,IGHG1,3,"[1, 2, 4]",306,320,1
YVLSRYPSYGLNYYQ,YVPNSYPYYGTNLYQ,P07498.3,Kappa-casein,Homo sapiens,9606,CSN3,6,"[3, 4, 5, 8, 11, 13]",50,64,1
